STRUCTURE,STRUCTURE_ID,STRUCTURE_NAME,ACTION,FREQ,Frequency,TIME_PERIOD,Time,GEO_PICT,Pacific Island Countries and territories,INDICATOR,Indicator,TYPE,Type,OBS_VALUE,Observation value,UNIT_MEASURE,Unit of measure,UNIT_MULT,Unit multiplier,OBS_STATUS,Observation Status,DATA_SOURCE,Data source,OBS_COMMENT,Comment
DATAFLOW,SPC:DF_OLYMPICS(1.0),Olympic games,I,A,Annual,2021,,AS,American Samoa,SILV,Number of silver medals,_T,Total,0,,N,units,,,,,,,,
DATAFLOW,SPC:DF_OLYMPICS(1.0),Olympic games,I,A,Annual,2021,,WS,Samoa,PART,Number of Olympics attended,WOG,Winter Olympic Games,0,,N,units,,,,,,,,
DATAFLOW,SPC:DF_OLYMPICS(1.0),Olympic games,I,A,Annual,2021,,WS,Samoa,BRON,Number of bronze medals,_T,Total,0,,N,units,,,,,,,,
DATAFLOW,SPC:DF_OLYMPICS(1.0),Olympic games,I,A,Annual,2021,,TO,Tonga,BRON,Number of bronze medals,SOG,Summer Olympic Games,0,,N,units,,,,,,,,
DATAFLOW,SPC:DF_OLYMPICS(1.0),Olympic games,I,A,Annual,2021,,TO,Tonga,BRON,Number of bronze medals,WOG,Winter Olympic Games,0,,N,units,,,,,,,,
DATAFLOW,SPC:DF_OLYMPICS(1.0),Olympic games,I,A,Annual,2021,,AS,American Samoa,BRON,Number of bronze medals,SOG,Summer Olympic Games,0,,N,units,,,,,,,,
DATAFLOW,SPC:DF_OLYMPICS(1.0),Olympic games,I,A,Annual,2021,,AS,American Samoa,BRON,Number of bronze medals,WOG,Winter Olympic Games,0,,N,units,,,,,,,,
DATAFLOW,SPC:DF_OLYMPICS(1.0),Olympic games,I,A,Annual,2021,,GU,Guam,PART,Number of Olympics attended,SOG,Summer Olympic Games,9,,N,units,,,,,,,,
DATAFLOW,SPC:DF_OLYMPICS(1.0),Olympic games,I,A,Annual,2021,,GU,Guam,BRON,Number of bronze medals,_T,Total,0,,N,units,,,,,,,,
DATAFLOW,SPC:DF_OLYMPICS(1.0),Olympic games,I,A,Annual,2021,,MH,Marshall Islands,BRON,Number of bronze medals,WOG,Winter Olympic Games,0,,N,units,,,,,,,,
DATAFLOW,SPC:DF_OLYMPICS(1.0),Olympic games,I,A,Annual,2021,,PW,Palau,GOLD,Number of gold medals,SOG,Summer Olympic Games,0,,N,units,,,,,,,,
DATAFLOW,SPC:DF_OLYMPICS(1.0),Olympic games,I,A,Annual,2021,,PW,Palau,GOLD,Number of gold medals,WOG,Winter Olympic Games,0,,N,units,,,,,,,,
DATAFLOW,SPC:DF_OLYMPICS(1.0),Olympic games,I,A,Annual,2021,,SB,Solomon Islands,PART,Number of Olympics attended,SOG,Summer Olympic Games,10,,N,units,,,,,,,,
DATAFLOW,SPC:DF_OLYMPICS(1.0),Olympic games,I,A,Annual,2021,,TV,Tuvalu,GOLD,Number of gold medals,_T,Total,0,,N,units,,,,,,,,
DATAFLOW,SPC:DF_OLYMPICS(1.0),Olympic games,I,A,Annual,2021,,WS,Samoa,PART,Number of Olympics attended,SOG,Summer Olympic Games,10,,N,units,,,,,,,,
DATAFLOW,SPC:DF_OLYMPICS(1.0),Olympic games,I,A,Annual,2021,,CK,Cook Islands,SILV,Number of silver medals,SOG,Summer Olympic Games,0,,N,units,,,,,,,,
DATAFLOW,SPC:DF_OLYMPICS(1.0),Olympic games,I,A,Annual,2021,,CK,Cook Islands,GOLD,Number of gold medals,_T,Total,0,,N,units,,,,,,,,
DATAFLOW,SPC:DF_OLYMPICS(1.0),Olympic games,I,A,Annual,2021,,FM,Micronesia (Federated States of),GOLD,Number of gold medals,WOG,Winter Olympic Games,0,,N,units,,,,,,,,
DATAFLOW,SPC:DF_OLYMPICS(1.0),Olympic games,I,A,Annual,2021,,PW,Palau,PART,Number of Olympics attended,_T,Total,6,,N,units,,,,,,,,
DATAFLOW,SPC:DF_OLYMPICS(1.0),Olympic games,I,A,Annual,2021,,SB,Solomon Islands,BRON,Number of bronze medals,_T,Total,0,,N,units,,,,,,,,
DATAFLOW,SPC:DF_OLYMPICS(1.0),Olympic games,I,A,Annual,2021,,TV,Tuvalu,SILV,Number of silver medals,SOG,Summer Olympic Games,0,,N,units,,,,,,,,
DATAFLOW,SPC:DF_OLYMPICS(1.0),Olympic games,I,A,Annual,2021,,FJ,Fiji,SILV,Number of silver medals,WOG,Winter Olympic Games,0,,N,units,,,,,,,,
DATAFLOW,SPC:DF_OLYMPICS(1.0),Olympic games,I,A,Annual,2021,,KI,Kiribati,BRON,Number of bronze medals,SOG,Summer Olympic Games,0,,N,units,,,,,,,,
DATAFLOW,SPC:DF_OLYMPICS(1.0),Olympic games,I,A,Annual,2021,,KI,Kiribati,PART,Number of Olympics attended,WOG,Winter Olympic Games,0,,N,units,,,,,,,,
DATAFLOW,SPC:DF_OLYMPICS(1.0),Olympic games,I,A,Annual,2021,,KI,Kiribati,SILV,Number of silver medals,_T,Total,0,,N,units,,,,,,,,
DATAFLOW,SPC:DF_OLYMPICS(1.0),Olympic games,I,A,Annual,2021,,NR,Nauru,GOLD,Number of gold medals,WOG,Winter Olympic Games,0,,N,units,,,,,,,,
DATAFLOW,SPC:DF_OLYMPICS(1.0),Olympic games,I,A,Annual,2021,,NR,Nauru,BRON,Number of bronze medals,_T,Total,0,,N,units,,,,,,,,
DATAFLOW,SPC:DF_OLYMPICS(1.0),Olympic games,I,A,Annual,2021,,PG,Papua New Guinea,SILV,Number of silver medals,SOG,Summer Olympic Games,0,,N,units,,,,,,,,
DATAFLOW,SPC:DF_OLYMPICS(1.0),Olympic games,I,A,Annual,2021,,PG,Papua New Guinea,BRON,Number of bronze medals,SOG,Summer Olympic Games,0,,N,units,,,,,,,,
DATAFLOW,SPC:DF_OLYMPICS(1.0),Olympic games,I,A,Annual,2021,,VU,Vanuatu,SILV,Number of silver medals,SOG,Summer Olympic Games,0,,N,units,,,,,,,,
DATAFLOW,SPC:DF_OLYMPICS(1.0),Olympic games,I,A,Annual,2021,,FM,Micronesia (Federated States of),GOLD,Number of gold medals,SOG,Summer Olympic Games,0,,N,units,,,,,,,,
DATAFLOW,SPC:DF_OLYMPICS(1.0),Olympic games,I,A,Annual,2021,,FM,Micronesia (Federated States of),PART,Number of Olympics attended,WOG,Winter Olympic Games,0,,N,units,,,,,,,,
DATAFLOW,SPC:DF_OLYMPICS(1.0),Olympic games,I,A,Annual,2021,,FM,Micronesia (Federated States of),PART,Number of Olympics attended,_T,Total,6,,N,units,,,,,,,,
DATAFLOW,SPC:DF_OLYMPICS(1.0),Olympic games,I,A,Annual,2021,,PG,Papua New Guinea,GOLD,Number of gold medals,_T,Total,0,,N,units,,,,,,,,
DATAFLOW,SPC:DF_OLYMPICS(1.0),Olympic games,I,A,Annual,2021,,VU,Vanuatu,GOLD,Number of gold medals,SOG,Summer Olympic Games,0,,N,units,,,,,,,,
DATAFLOW,SPC:DF_OLYMPICS(1.0),Olympic games,I,A,Annual,2021,,VU,Vanuatu,PART,Number of Olympics attended,_T,Total,9,,N,units,,,,,,,,
DATAFLOW,SPC:DF_OLYMPICS(1.0),Olympic games,I,A,Annual,2021,,TV,Tuvalu,SILV,Number of silver medals,WOG,Winter Olympic Games,0,,N,units,,,,,,,,
DATAFLOW,SPC:DF_OLYMPICS(1.0),Olympic games,I,A,Annual,2021,,WS,Samoa,GOLD,Number of gold medals,SOG,Summer Olympic Games,0,,N,units,,,,,,,,
DATAFLOW,SPC:DF_OLYMPICS(1.0),Olympic games,I,A,Annual,2021,,WS,Samoa,GOLD,Number of gold medals,WOG,Winter Olympic Games,0,,N,units,,,,,,,,
DATAFLOW,SPC:DF_OLYMPICS(1.0),Olympic games,I,A,Annual,2021,,TO,Tonga,SILV,Number of silver medals,WOG,Winter Olympic Games,0,,N,units,,,,,,,,
DATAFLOW,SPC:DF_OLYMPICS(1.0),Olympic games,I,A,Annual,2021,,TO,Tonga,BRON,Number of bronze medals,_T,Total,0,,N,units,,,,,,,,
DATAFLOW,SPC:DF_OLYMPICS(1.0),Olympic games,I,A,Annual,2021,,AS,American Samoa,PART,Number of Olympics attended,WOG,Winter Olympic Games,1,,N,units,,,,,,,,
DATAFLOW,SPC:DF_OLYMPICS(1.0),Olympic games,I,A,Annual,2021,,GU,Guam,GOLD,Number of gold medals,WOG,Winter Olympic Games,0,,N,units,,,,,,,,
DATAFLOW,SPC:DF_OLYMPICS(1.0),Olympic games,I,A,Annual,2021,,GU,Guam,PART,Number of Olympics attended,_T,Total,10,,N,units,,,,,,,,
DATAFLOW,SPC:DF_OLYMPICS(1.0),Olympic games,I,A,Annual,2021,,GU,Guam,SILV,Number of silver medals,_T,Total,0,,N,units,,,,,,,,
DATAFLOW,SPC:DF_OLYMPICS(1.0),Olympic games,I,A,Annual,2021,,FM,Micronesia (Federated States of),SILV,Number of silver medals,WOG,Winter Olympic Games,0,,N,units,,,,,,,,
DATAFLOW,SPC:DF_OLYMPICS(1.0),Olympic games,I,A,Annual,2021,,FM,Micronesia (Federated States of),BRON,Number of bronze medals,_T,Total,0,,N,units,,,,,,,,
DATAFLOW,SPC:DF_OLYMPICS(1.0),Olympic games,I,A,Annual,2021,,PW,Palau,PART,Number of Olympics attended,WOG,Winter Olympic Games,0,,N,units,,,,,,,,
DATAFLOW,SPC:DF_OLYMPICS(1.0),Olympic games,I,A,Annual,2021,,TV,Tuvalu,GOLD,Number of gold medals,WOG,Winter Olympic Games,0,,N,units,,,,,,,,
DATAFLOW,SPC:DF_OLYMPICS(1.0),Olympic games,I,A,Annual,2021,,TV,Tuvalu,PART,Number of Olympics attended,_T,Total,4,,N,units,,,,,,,,
DATAFLOW,SPC:DF_OLYMPICS(1.0),Olympic games,I,A,Annual,2021,,TV,Tuvalu,SILV,Number of silver medals,_T,Total,0,,N,units,,,,,,,,
DATAFLOW,SPC:DF_OLYMPICS(1.0),Olympic games,I,A,Annual,2021,,AS,American Samoa,GOLD,Number of gold medals,_T,Total,0,,N,units,,,,,,,,
DATAFLOW,SPC:DF_OLYMPICS(1.0),Olympic games,I,A,Annual,2021,,WS,Samoa,SILV,Number of silver medals,_T,Total,1,,N,units,,,,,,,,
DATAFLOW,SPC:DF_OLYMPICS(1.0),Olympic games,I,A,Annual,2021,,TO,Tonga,PART,Number of Olympics attended,WOG,Winter Olympic Games,2,,N,units,,,,,,,,
DATAFLOW,SPC:DF_OLYMPICS(1.0),Olympic games,I,A,Annual,2021,,TO,Tonga,GOLD,Number of gold medals,_T,Total,0,,N,units,,,,,,,,
DATAFLOW,SPC:DF_OLYMPICS(1.0),Olympic games,I,A,Annual,2021,,FJ,Fiji,BRON,Number of bronze medals,SOG,Summer Olympic Games,1,,N,units,,,,,,,,
DATAFLOW,SPC:DF_OLYMPICS(1.0),Olympic games,I,A,Annual,2021,,CK,Cook Islands,BRON,Number of bronze medals,SOG,Summer Olympic Games,0,,N,units,,,,,,,,
DATAFLOW,SPC:DF_OLYMPICS(1.0),Olympic games,I,A,Annual,2021,,FM,Micronesia (Federated States of),PART,Number of Olympics attended,SOG,Summer Olympic Games,6,,N,units,,,,,,,,
DATAFLOW,SPC:DF_OLYMPICS(1.0),Olympic games,I,A,Annual,2021,,NR,Nauru,PART,Number of Olympics attended,WOG,Winter Olympic Games,0,,N,units,,,,,,,,
DATAFLOW,SPC:DF_OLYMPICS(1.0),Olympic games,I,A,Annual,2021,,PG,Papua New Guinea,SILV,Number of silver medals,_T,Total,0,,N,units,,,,,,,,
DATAFLOW,SPC:DF_OLYMPICS(1.0),Olympic games,I,A,Annual,2021,,SB,Solomon Islands,GOLD,Number of gold medals,SOG,Summer Olympic Games,0,,N,units,,,,,,,,
DATAFLOW,SPC:DF_OLYMPICS(1.0),Olympic games,I,A,Annual,2021,,FJ,Fiji,PART,Number of Olympics attended,SOG,Summer Olympic Games,15,,N,units,,,,,,,,
DATAFLOW,SPC:DF_OLYMPICS(1.0),Olympic games,I,A,Annual,2021,,FJ,Fiji,SILV,Number of silver medals,SOG,Summer Olympic Games,0,,N,units,,,,,,,,
DATAFLOW,SPC:DF_OLYMPICS(1.0),Olympic games,I,A,Annual,2021,,MH,Marshall Islands,SILV,Number of silver medals,SOG,Summer Olympic Games,0,,N,units,,,,,,,,
DATAFLOW,SPC:DF_OLYMPICS(1.0),Olympic games,I,A,Annual,2021,,NR,Nauru,PART,Number of Olympics attended,_T,Total,7,,N,units,,,,,,,,
DATAFLOW,SPC:DF_OLYMPICS(1.0),Olympic games,I,A,Annual,2021,,PG,Papua New Guinea,SILV,Number of silver medals,WOG,Winter Olympic Games,0,,N,units,,,,,,,,
DATAFLOW,SPC:DF_OLYMPICS(1.0),Olympic games,I,A,Annual,2021,,PG,Papua New Guinea,BRON,Number of bronze medals,_T,Total,0,,N,units,,,,,,,,
DATAFLOW,SPC:DF_OLYMPICS(1.0),Olympic games,I,A,Annual,2021,,SB,Solomon Islands,SILV,Number of silver medals,SOG,Summer Olympic Games,0,,N,units,,,,,,,,
DATAFLOW,SPC:DF_OLYMPICS(1.0),Olympic games,I,A,Annual,2021,,VU,Vanuatu,BRON,Number of bronze medals,SOG,Summer Olympic Games,0,,N,units,,,,,,,,
DATAFLOW,SPC:DF_OLYMPICS(1.0),Olympic games,I,A,Annual,2021,,FJ,Fiji,GOLD,Number of gold medals,SOG,Summer Olympic Games,2,,N,units,,,,,,,,
DATAFLOW,SPC:DF_OLYMPICS(1.0),Olympic games,I,A,Annual,2021,,WS,Samoa,BRON,Number of bronze medals,WOG,Winter Olympic Games,0,,N,units,,,,,,,,
DATAFLOW,SPC:DF_OLYMPICS(1.0),Olympic games,I,A,Annual,2021,,TO,Tonga,SILV,Number of silver medals,_T,Total,1,,N,units,,,,,,,,
DATAFLOW,SPC:DF_OLYMPICS(1.0),Olympic games,I,A,Annual,2021,,GU,Guam,PART,Number of Olympics attended,WOG,Winter Olympic Games,1,,N,units,,,,,,,,
DATAFLOW,SPC:DF_OLYMPICS(1.0),Olympic games,I,A,Annual,2021,,MH,Marshall Islands,BRON,Number of bronze medals,SOG,Summer Olympic Games,0,,N,units,,,,,,,,
DATAFLOW,SPC:DF_OLYMPICS(1.0),Olympic games,I,A,Annual,2021,,FM,Micronesia (Federated States of),BRON,Number of bronze medals,WOG,Winter Olympic Games,0,,N,units,,,,,,,,
DATAFLOW,SPC:DF_OLYMPICS(1.0),Olympic games,I,A,Annual,2021,,PG,Papua New Guinea,BRON,Number of bronze medals,WOG,Winter Olympic Games,0,,N,units,,,,,,,,
DATAFLOW,SPC:DF_OLYMPICS(1.0),Olympic games,I,A,Annual,2021,,SB,Solomon Islands,BRON,Number of bronze medals,SOG,Summer Olympic Games,0,,N,units,,,,,,,,
DATAFLOW,SPC:DF_OLYMPICS(1.0),Olympic games,I,A,Annual,2021,,WS,Samoa,SILV,Number of silver medals,SOG,Summer Olympic Games,1,,N,units,,,,,,,,
DATAFLOW,SPC:DF_OLYMPICS(1.0),Olympic games,I,A,Annual,2021,,WS,Samoa,SILV,Number of silver medals,WOG,Winter Olympic Games,0,,N,units,,,,,,,,
DATAFLOW,SPC:DF_OLYMPICS(1.0),Olympic games,I,A,Annual,2021,,WS,Samoa,GOLD,Number of gold medals,_T,Total,0,,N,units,,,,,,,,
DATAFLOW,SPC:DF_OLYMPICS(1.0),Olympic games,I,A,Annual,2021,,TO,Tonga,GOLD,Number of gold medals,SOG,Summer Olympic Games,0,,N,units,,,,,,,,
DATAFLOW,SPC:DF_OLYMPICS(1.0),Olympic games,I,A,Annual,2021,,TO,Tonga,GOLD,Number of gold medals,WOG,Winter Olympic Games,0,,N,units,,,,,,,,
DATAFLOW,SPC:DF_OLYMPICS(1.0),Olympic games,I,A,Annual,2021,,AS,American Samoa,GOLD,Number of gold medals,SOG,Summer Olympic Games,0,,N,units,,,,,,,,
DATAFLOW,SPC:DF_OLYMPICS(1.0),Olympic games,I,A,Annual,2021,,AS,American Samoa,GOLD,Number of gold medals,WOG,Winter Olympic Games,0,,N,units,,,,,,,,
DATAFLOW,SPC:DF_OLYMPICS(1.0),Olympic games,I,A,Annual,2021,,AS,American Samoa,PART,Number of Olympics attended,_T,Total,10,,N,units,,,,,,,,
DATAFLOW,SPC:DF_OLYMPICS(1.0),Olympic games,I,A,Annual,2021,,CK,Cook Islands,PART,Number of Olympics attended,SOG,Summer Olympic Games,9,,N,units,,,,,,,,
DATAFLOW,SPC:DF_OLYMPICS(1.0),Olympic games,I,A,Annual,2021,,GU,Guam,GOLD,Number of gold medals,_T,Total,0,,N,units,,,,,,,,
DATAFLOW,SPC:DF_OLYMPICS(1.0),Olympic games,I,A,Annual,2021,,FM,Micronesia (Federated States of),BRON,Number of bronze medals,SOG,Summer Olympic Games,0,,N,units,,,,,,,,
DATAFLOW,SPC:DF_OLYMPICS(1.0),Olympic games,I,A,Annual,2021,,PW,Palau,BRON,Number of bronze medals,SOG,Summer Olympic Games,0,,N,units,,,,,,,,
DATAFLOW,SPC:DF_OLYMPICS(1.0),Olympic games,I,A,Annual,2021,,PW,Palau,BRON,Number of bronze medals,WOG,Winter Olympic Games,0,,N,units,,,,,,,,
DATAFLOW,SPC:DF_OLYMPICS(1.0),Olympic games,I,A,Annual,2021,,PW,Palau,SILV,Number of silver medals,_T,Total,0,,N,units,,,,,,,,
DATAFLOW,SPC:DF_OLYMPICS(1.0),Olympic games,I,A,Annual,2021,,TV,Tuvalu,PART,Number of Olympics attended,SOG,Summer Olympic Games,4,,N,units,,,,,,,,
DATAFLOW,SPC:DF_OLYMPICS(1.0),Olympic games,I,A,Annual,2021,,TV,Tuvalu,BRON,Number of bronze medals,_T,Total,0,,N,units,,,,,,,,
DATAFLOW,SPC:DF_OLYMPICS(1.0),Olympic games,I,A,Annual,2021,,TO,Tonga,PART,Number of Olympics attended,_T,Total,12,,N,units,,,,,,,,
DATAFLOW,SPC:DF_OLYMPICS(1.0),Olympic games,I,A,Annual,2021,,CK,Cook Islands,PART,Number of Olympics attended,WOG,Winter Olympic Games,0,,N,units,,,,,,,,
DATAFLOW,SPC:DF_OLYMPICS(1.0),Olympic games,I,A,Annual,2021,,GU,Guam,SILV,Number of silver medals,WOG,Winter Olympic Games,0,,N,units,,,,,,,,
DATAFLOW,SPC:DF_OLYMPICS(1.0),Olympic games,I,A,Annual,2021,,KI,Kiribati,GOLD,Number of gold medals,SOG,Summer Olympic Games,0,,N,units,,,,,,,,
DATAFLOW,SPC:DF_OLYMPICS(1.0),Olympic games,I,A,Annual,2021,,KI,Kiribati,SILV,Number of silver medals,WOG,Winter Olympic Games,0,,N,units,,,,,,,,
DATAFLOW,SPC:DF_OLYMPICS(1.0),Olympic games,I,A,Annual,2021,,KI,Kiribati,PART,Number of Olympics attended,_T,Total,5,,N,units,,,,,,,,
DATAFLOW,SPC:DF_OLYMPICS(1.0),Olympic games,I,A,Annual,2021,,MH,Marshall Islands,GOLD,Number of gold medals,SOG,Summer Olympic Games,0,,N,units,,,,,,,,
DATAFLOW,SPC:DF_OLYMPICS(1.0),Olympic games,I,A,Annual,2021,,FM,Micronesia (Federated States of),SILV,Number of silver medals,_T,Total,0,,N,units,,,,,,,,
DATAFLOW,SPC:DF_OLYMPICS(1.0),Olympic games,I,A,Annual,2021,,NR,Nauru,BRON,Number of bronze medals,WOG,Winter Olympic Games,0,,N,units,,,,,,,,
DATAFLOW,SPC:DF_OLYMPICS(1.0),Olympic games,I,A,Annual,2021,,NR,Nauru,GOLD,Number of gold medals,_T,Total,0,,N,units,,,,,,,,
DATAFLOW,SPC:DF_OLYMPICS(1.0),Olympic games,I,A,Annual,2021,,PG,Papua New Guinea,PART,Number of Olympics attended,SOG,Summer Olympic Games,11,,N,units,,,,,,,,
DATAFLOW,SPC:DF_OLYMPICS(1.0),Olympic games,I,A,Annual,2021,,TV,Tuvalu,PART,Number of Olympics attended,WOG,Winter Olympic Games,0,,N,units,,,,,,,,
DATAFLOW,SPC:DF_OLYMPICS(1.0),Olympic games,I,A,Annual,2021,,FJ,Fiji,SILV,Number of silver medals,_T,Total,0,,N,units,,,,,,,,
DATAFLOW,SPC:DF_OLYMPICS(1.0),Olympic games,I,A,Annual,2021,,FJ,Fiji,BRON,Number of bronze medals,_T,Total,1,,N,units,,,,,,,,
DATAFLOW,SPC:DF_OLYMPICS(1.0),Olympic games,I,A,Annual,2021,,KI,Kiribati,SILV,Number of silver medals,SOG,Summer Olympic Games,0,,N,units,,,,,,,,
DATAFLOW,SPC:DF_OLYMPICS(1.0),Olympic games,I,A,Annual,2021,,KI,Kiribati,GOLD,Number of gold medals,WOG,Winter Olympic Games,0,,N,units,,,,,,,,
DATAFLOW,SPC:DF_OLYMPICS(1.0),Olympic games,I,A,Annual,2021,,MH,Marshall Islands,PART,Number of Olympics attended,SOG,Summer Olympic Games,4,,N,units,,,,,,,,
DATAFLOW,SPC:DF_OLYMPICS(1.0),Olympic games,I,A,Annual,2021,,FM,Micronesia (Federated States of),GOLD,Number of gold medals,_T,Total,0,,N,units,,,,,,,,
DATAFLOW,SPC:DF_OLYMPICS(1.0),Olympic games,I,A,Annual,2021,,NR,Nauru,BRON,Number of bronze medals,SOG,Summer Olympic Games,0,,N,units,,,,,,,,
DATAFLOW,SPC:DF_OLYMPICS(1.0),Olympic games,I,A,Annual,2021,,NR,Nauru,SILV,Number of silver medals,_T,Total,0,,N,units,,,,,,,,
DATAFLOW,SPC:DF_OLYMPICS(1.0),Olympic games,I,A,Annual,2021,,PG,Papua New Guinea,GOLD,Number of gold medals,SOG,Summer Olympic Games,0,,N,units,,,,,,,,
DATAFLOW,SPC:DF_OLYMPICS(1.0),Olympic games,I,A,Annual,2021,,PG,Papua New Guinea,PART,Number of Olympics attended,WOG,Winter Olympic Games,0,,N,units,,,,,,,,
DATAFLOW,SPC:DF_OLYMPICS(1.0),Olympic games,I,A,Annual,2021,,PG,Papua New Guinea,GOLD,Number of gold medals,WOG,Winter Olympic Games,0,,N,units,,,,,,,,
DATAFLOW,SPC:DF_OLYMPICS(1.0),Olympic games,I,A,Annual,2021,,SB,Solomon Islands,BRON,Number of bronze medals,WOG,Winter Olympic Games,0,,N,units,,,,,,,,
DATAFLOW,SPC:DF_OLYMPICS(1.0),Olympic games,I,A,Annual,2021,,VU,Vanuatu,PART,Number of Olympics attended,SOG,Summer Olympic Games,9,,N,units,,,,,,,,
DATAFLOW,SPC:DF_OLYMPICS(1.0),Olympic games,I,A,Annual,2021,,VU,Vanuatu,PART,Number of Olympics attended,WOG,Winter Olympic Games,0,,N,units,,,,,,,,
DATAFLOW,SPC:DF_OLYMPICS(1.0),Olympic games,I,A,Annual,2021,,FJ,Fiji,BRON,Number of bronze medals,WOG,Winter Olympic Games,0,,N,units,,,,,,,,
DATAFLOW,SPC:DF_OLYMPICS(1.0),Olympic games,I,A,Annual,2021,,WS,Samoa,PART,Number of Olympics attended,_T,Total,10,,N,units,,,,,,,,
DATAFLOW,SPC:DF_OLYMPICS(1.0),Olympic games,I,A,Annual,2021,,TO,Tonga,PART,Number of Olympics attended,SOG,Summer Olympic Games,10,,N,units,,,,,,,,
DATAFLOW,SPC:DF_OLYMPICS(1.0),Olympic games,I,A,Annual,2021,,AS,American Samoa,SILV,Number of silver medals,WOG,Winter Olympic Games,0,,N,units,,,,,,,,
DATAFLOW,SPC:DF_OLYMPICS(1.0),Olympic games,I,A,Annual,2021,,CK,Cook Islands,GOLD,Number of gold medals,SOG,Summer Olympic Games,0,,N,units,,,,,,,,
DATAFLOW,SPC:DF_OLYMPICS(1.0),Olympic games,I,A,Annual,2021,,GU,Guam,BRON,Number of bronze medals,WOG,Winter Olympic Games,0,,N,units,,,,,,,,
DATAFLOW,SPC:DF_OLYMPICS(1.0),Olympic games,I,A,Annual,2021,,KI,Kiribati,GOLD,Number of gold medals,_T,Total,0,,N,units,,,,,,,,
DATAFLOW,SPC:DF_OLYMPICS(1.0),Olympic games,I,A,Annual,2021,,FM,Micronesia (Federated States of),SILV,Number of silver medals,SOG,Summer Olympic Games,0,,N,units,,,,,,,,
DATAFLOW,SPC:DF_OLYMPICS(1.0),Olympic games,I,A,Annual,2021,,NR,Nauru,SILV,Number of silver medals,WOG,Winter Olympic Games,0,,N,units,,,,,,,,
DATAFLOW,SPC:DF_OLYMPICS(1.0),Olympic games,I,A,Annual,2021,,PW,Palau,GOLD,Number of gold medals,_T,Total,0,,N,units,,,,,,,,
DATAFLOW,SPC:DF_OLYMPICS(1.0),Olympic games,I,A,Annual,2021,,PG,Papua New Guinea,PART,Number of Olympics attended,_T,Total,11,,N,units,,,,,,,,
DATAFLOW,SPC:DF_OLYMPICS(1.0),Olympic games,I,A,Annual,2021,,WS,Samoa,BRON,Number of bronze medals,SOG,Summer Olympic Games,0,,N,units,,,,,,,,
DATAFLOW,SPC:DF_OLYMPICS(1.0),Olympic games,I,A,Annual,2021,,AS,American Samoa,PART,Number of Olympics attended,SOG,Summer Olympic Games,9,,N,units,,,,,,,,
DATAFLOW,SPC:DF_OLYMPICS(1.0),Olympic games,I,A,Annual,2021,,AS,American Samoa,SILV,Number of silver medals,SOG,Summer Olympic Games,0,,N,units,,,,,,,,
DATAFLOW,SPC:DF_OLYMPICS(1.0),Olympic games,I,A,Annual,2021,,AS,American Samoa,BRON,Number of bronze medals,_T,Total,0,,N,units,,,,,,,,
DATAFLOW,SPC:DF_OLYMPICS(1.0),Olympic games,I,A,Annual,2021,,CK,Cook Islands,PART,Number of Olympics attended,_T,Total,9,,N,units,,,,,,,,
DATAFLOW,SPC:DF_OLYMPICS(1.0),Olympic games,I,A,Annual,2021,,CK,Cook Islands,SILV,Number of silver medals,_T,Total,0,,N,units,,,,,,,,
DATAFLOW,SPC:DF_OLYMPICS(1.0),Olympic games,I,A,Annual,2021,,GU,Guam,GOLD,Number of gold medals,SOG,Summer Olympic Games,0,,N,units,,,,,,,,
DATAFLOW,SPC:DF_OLYMPICS(1.0),Olympic games,I,A,Annual,2021,,GU,Guam,BRON,Number of bronze medals,SOG,Summer Olympic Games,0,,N,units,,,,,,,,
DATAFLOW,SPC:DF_OLYMPICS(1.0),Olympic games,I,A,Annual,2021,,PW,Palau,PART,Number of Olympics attended,SOG,Summer Olympic Games,6,,N,units,,,,,,,,
DATAFLOW,SPC:DF_OLYMPICS(1.0),Olympic games,I,A,Annual,2021,,PW,Palau,SILV,Number of silver medals,SOG,Summer Olympic Games,0,,N,units,,,,,,,,
DATAFLOW,SPC:DF_OLYMPICS(1.0),Olympic games,I,A,Annual,2021,,PW,Palau,BRON,Number of bronze medals,_T,Total,0,,N,units,,,,,,,,
DATAFLOW,SPC:DF_OLYMPICS(1.0),Olympic games,I,A,Annual,2021,,SB,Solomon Islands,PART,Number of Olympics attended,_T,Total,10,,N,units,,,,,,,,
DATAFLOW,SPC:DF_OLYMPICS(1.0),Olympic games,I,A,Annual,2021,,TV,Tuvalu,GOLD,Number of gold medals,SOG,Summer Olympic Games,0,,N,units,,,,,,,,
DATAFLOW,SPC:DF_OLYMPICS(1.0),Olympic games,I,A,Annual,2021,,TV,Tuvalu,BRON,Number of bronze medals,SOG,Summer Olympic Games,0,,N,units,,,,,,,,
DATAFLOW,SPC:DF_OLYMPICS(1.0),Olympic games,I,A,Annual,2021,,FJ,Fiji,GOLD,Number of gold medals,WOG,Winter Olympic Games,0,,N,units,,,,,,,,
DATAFLOW,SPC:DF_OLYMPICS(1.0),Olympic games,I,A,Annual,2021,,TO,Tonga,SILV,Number of silver medals,SOG,Summer Olympic Games,1,,N,units,,,,,,,,
DATAFLOW,SPC:DF_OLYMPICS(1.0),Olympic games,I,A,Annual,2021,,CK,Cook Islands,GOLD,Number of gold medals,WOG,Winter Olympic Games,0,,N,units,,,,,,,,
DATAFLOW,SPC:DF_OLYMPICS(1.0),Olympic games,I,A,Annual,2021,,KI,Kiribati,BRON,Number of bronze medals,_T,Total,0,,N,units,,,,,,,,
DATAFLOW,SPC:DF_OLYMPICS(1.0),Olympic games,I,A,Annual,2021,,MH,Marshall Islands,SILV,Number of silver medals,WOG,Winter Olympic Games,0,,N,units,,,,,,,,
DATAFLOW,SPC:DF_OLYMPICS(1.0),Olympic games,I,A,Annual,2021,,MH,Marshall Islands,BRON,Number of bronze medals,_T,Total,0,,N,units,,,,,,,,
DATAFLOW,SPC:DF_OLYMPICS(1.0),Olympic games,I,A,Annual,2021,,NR,Nauru,SILV,Number of silver medals,SOG,Summer Olympic Games,0,,N,units,,,,,,,,
DATAFLOW,SPC:DF_OLYMPICS(1.0),Olympic games,I,A,Annual,2021,,PW,Palau,SILV,Number of silver medals,WOG,Winter Olympic Games,0,,N,units,,,,,,,,
DATAFLOW,SPC:DF_OLYMPICS(1.0),Olympic games,I,A,Annual,2021,,VU,Vanuatu,GOLD,Number of gold medals,_T,Total,0,,N,units,,,,,,,,
DATAFLOW,SPC:DF_OLYMPICS(1.0),Olympic games,I,A,Annual,2021,,TV,Tuvalu,BRON,Number of bronze medals,WOG,Winter Olympic Games,0,,N,units,,,,,,,,
DATAFLOW,SPC:DF_OLYMPICS(1.0),Olympic games,I,A,Annual,2021,,FJ,Fiji,PART,Number of Olympics attended,WOG,Winter Olympic Games,3,,N,units,,,,,,,,
DATAFLOW,SPC:DF_OLYMPICS(1.0),Olympic games,I,A,Annual,2021,,CK,Cook Islands,BRON,Number of bronze medals,WOG,Winter Olympic Games,0,,N,units,,,,,,,,
DATAFLOW,SPC:DF_OLYMPICS(1.0),Olympic games,I,A,Annual,2021,,KI,Kiribati,PART,Number of Olympics attended,SOG,Summer Olympic Games,5,,N,units,,,,,,,,
DATAFLOW,SPC:DF_OLYMPICS(1.0),Olympic games,I,A,Annual,2021,,KI,Kiribati,BRON,Number of bronze medals,WOG,Winter Olympic Games,0,,N,units,,,,,,,,
DATAFLOW,SPC:DF_OLYMPICS(1.0),Olympic games,I,A,Annual,2021,,MH,Marshall Islands,PART,Number of Olympics attended,WOG,Winter Olympic Games,0,,N,units,,,,,,,,
DATAFLOW,SPC:DF_OLYMPICS(1.0),Olympic games,I,A,Annual,2021,,MH,Marshall Islands,PART,Number of Olympics attended,_T,Total,4,,N,units,,,,,,,,
DATAFLOW,SPC:DF_OLYMPICS(1.0),Olympic games,I,A,Annual,2021,,MH,Marshall Islands,GOLD,Number of gold medals,_T,Total,0,,N,units,,,,,,,,
DATAFLOW,SPC:DF_OLYMPICS(1.0),Olympic games,I,A,Annual,2021,,MH,Marshall Islands,SILV,Number of silver medals,_T,Total,0,,N,units,,,,,,,,
DATAFLOW,SPC:DF_OLYMPICS(1.0),Olympic games,I,A,Annual,2021,,NR,Nauru,PART,Number of Olympics attended,SOG,Summer Olympic Games,7,,N,units,,,,,,,,
DATAFLOW,SPC:DF_OLYMPICS(1.0),Olympic games,I,A,Annual,2021,,NR,Nauru,GOLD,Number of gold medals,SOG,Summer Olympic Games,0,,N,units,,,,,,,,
DATAFLOW,SPC:DF_OLYMPICS(1.0),Olympic games,I,A,Annual,2021,,SB,Solomon Islands,SILV,Number of silver medals,WOG,Winter Olympic Games,0,,N,units,,,,,,,,
DATAFLOW,SPC:DF_OLYMPICS(1.0),Olympic games,I,A,Annual,2021,,VU,Vanuatu,GOLD,Number of gold medals,WOG,Winter Olympic Games,0,,N,units,,,,,,,,
DATAFLOW,SPC:DF_OLYMPICS(1.0),Olympic games,I,A,Annual,2021,,VU,Vanuatu,SILV,Number of silver medals,WOG,Winter Olympic Games,0,,N,units,,,,,,,,
DATAFLOW,SPC:DF_OLYMPICS(1.0),Olympic games,I,A,Annual,2021,,VU,Vanuatu,BRON,Number of bronze medals,WOG,Winter Olympic Games,0,,N,units,,,,,,,,
DATAFLOW,SPC:DF_OLYMPICS(1.0),Olympic games,I,A,Annual,2021,,VU,Vanuatu,SILV,Number of silver medals,_T,Total,0,,N,units,,,,,,,,
DATAFLOW,SPC:DF_OLYMPICS(1.0),Olympic games,I,A,Annual,2021,,FJ,Fiji,GOLD,Number of gold medals,_T,Total,2,,N,units,,,,,,,,
DATAFLOW,SPC:DF_OLYMPICS(1.0),Olympic games,I,A,Annual,2021,,FJ,Fiji,PART,Number of Olympics attended,_T,Total,18,,N,units,,,,,,,,
DATAFLOW,SPC:DF_OLYMPICS(1.0),Olympic games,I,A,Annual,2021,,CK,Cook Islands,SILV,Number of silver medals,WOG,Winter Olympic Games,0,,N,units,,,,,,,,
DATAFLOW,SPC:DF_OLYMPICS(1.0),Olympic games,I,A,Annual,2021,,CK,Cook Islands,BRON,Number of bronze medals,_T,Total,0,,N,units,,,,,,,,
DATAFLOW,SPC:DF_OLYMPICS(1.0),Olympic games,I,A,Annual,2021,,GU,Guam,SILV,Number of silver medals,SOG,Summer Olympic Games,0,,N,units,,,,,,,,
DATAFLOW,SPC:DF_OLYMPICS(1.0),Olympic games,I,A,Annual,2021,,MH,Marshall Islands,GOLD,Number of gold medals,WOG,Winter Olympic Games,0,,N,units,,,,,,,,
DATAFLOW,SPC:DF_OLYMPICS(1.0),Olympic games,I,A,Annual,2021,,SB,Solomon Islands,PART,Number of Olympics attended,WOG,Winter Olympic Games,0,,N,units,,,,,,,,
DATAFLOW,SPC:DF_OLYMPICS(1.0),Olympic games,I,A,Annual,2021,,SB,Solomon Islands,GOLD,Number of gold medals,WOG,Winter Olympic Games,0,,N,units,,,,,,,,
DATAFLOW,SPC:DF_OLYMPICS(1.0),Olympic games,I,A,Annual,2021,,SB,Solomon Islands,GOLD,Number of gold medals,_T,Total,0,,N,units,,,,,,,,
DATAFLOW,SPC:DF_OLYMPICS(1.0),Olympic games,I,A,Annual,2021,,SB,Solomon Islands,SILV,Number of silver medals,_T,Total,0,,N,units,,,,,,,,
DATAFLOW,SPC:DF_OLYMPICS(1.0),Olympic games,I,A,Annual,2021,,VU,Vanuatu,BRON,Number of bronze medals,_T,Total,0,,N,units,,,,,,,,
